{
  "input_path": "C:/Users/tomas/Desktop/local-premiere-auto-cut/test/WIN_20260221_19_40_42_Pro.mp4",
  "threshold": -35.0,
  "min_silence": 0.25,
  "pad": 0.08,
  "min_keep": 0.1,
  "audio_stream": "",
  "regen_mono": false,
  "use_vad": true,
  "volume": 80,
  "session": {
    "px_per_sec": 4.48,
    "playhead_sec": 8.885,
    "xview": 0.0,
    "file_size": 17680189,
    "file_mtime": 1771720857.768641,
    "plan": {
      "duration": 15.247187,
      "kept_total": 12.983186,
      "removed_total": 2.264001,
      "keeps_count": 6,
      "keeps": [
        [
          0.0,
          3.093375
        ],
        [
          3.483521,
          7.387062
        ],
        [
          7.556396,
          9.561021
        ],
        [
          9.687521,
          12.287562
        ],
        [
          12.615499999999999,
          13.133979
        ],
        [
          13.286375,
          14.1495
        ]
      ],
      "removes": [
        [
          3.093375,
          3.483521
        ],
        [
          7.387062,
          7.556396
        ],
        [
          9.561021,
          9.687521
        ],
        [
          12.287562,
          12.615499999999999
        ],
        [
          13.133979,
          13.286375
        ],
        [
          14.1495,
          15.247187
        ]
      ]
    }
  }
}