{
  "input_path": "C:/Users/tomas/Desktop/local-premiere-auto-cut/test/WIN_20260221_19_40_42_Pro.mp4",
  "threshold": -35.0,
  "min_silence": 0.25,
  "pad": 0.08,
  "min_keep": 0.1,
  "audio_stream": "",
  "regen_mono": false,
  "use_vad": false,
  "volume": 80,
  "session": {
    "px_per_sec": 4.48,
    "playhead_sec": 0.216,
    "xview": 0.0,
    "file_size": 17680189,
    "file_mtime": 1771720857.768641,
    "plan": {
      "duration": 15.247187,
      "kept_total": 8.544000000000002,
      "removed_total": 6.703186999999998,
      "keeps_count": 6,
      "keeps": [
        [
          0.304,
          3.024
        ],
        [
          3.408,
          4.5600000000000005
        ],
        [
          5.328,
          6.128
        ],
        [
          9.584,
          12.016
        ],
        [
          12.528,
          13.072000000000001
        ],
        [
          13.264,
          14.16
        ]
      ],
      "removes": [
        [
          0.0,
          0.304
        ],
        [
          3.024,
          3.408
        ],
        [
          4.5600000000000005,
          5.328
        ],
        [
          6.128,
          9.584
        ],
        [
          12.016,
          12.528
        ],
        [
          13.072000000000001,
          13.264
        ],
        [
          14.16,
          15.247187
        ]
      ]
    }
  }
}